GeoName,Description,Year,value
United States,Disposable personal income (millions of dollars),2010,11305991
United States,Population (persons) 1/,2010,309338421
United States,Per capita disposable personal income (dollars) 2/,2010,36549
Alabama,Disposable personal income (millions of dollars),2010,148758.8
Alabama,Population (persons) 1/,2010,4785579
Alabama,Per capita disposable personal income (dollars) 2/,2010,31085
Alaska,Disposable personal income (millions of dollars),2010,32492.4
Alaska,Population (persons) 1/,2010,714015
Alaska,Per capita disposable personal income (dollars) 2/,2010,45507
Arizona,Disposable personal income (millions of dollars),2010,197603.9
Arizona,Population (persons) 1/,2010,6407002
Arizona,Per capita disposable personal income (dollars) 2/,2010,30842
Arkansas,Disposable personal income (millions of dollars),2010,85363.2
Arkansas,Population (persons) 1/,2010,2921737
Arkansas,Per capita disposable personal income (dollars) 2/,2010,29217
California,Disposable personal income (millions of dollars),2010,1449667.2
California,Population (persons) 1/,2010,37327690
California,Per capita disposable personal income (dollars) 2/,2010,38836
Colorado,Disposable personal income (millions of dollars),2010,182961.7
Colorado,Population (persons) 1/,2010,5048029
Colorado,Per capita disposable personal income (dollars) 2/,2010,36244
Connecticut,Disposable personal income (millions of dollars),2010,194778.7
Connecticut,Population (persons) 1/,2010,3580171
Connecticut,Per capita disposable personal income (dollars) 2/,2010,54405
Delaware,Disposable personal income (millions of dollars),2010,33148.5
Delaware,Population (persons) 1/,2010,899712
Delaware,Per capita disposable personal income (dollars) 2/,2010,36843
District of Columbia,Disposable personal income (millions of dollars),2010,33829.6
District of Columbia,Population (persons) 1/,2010,605040
District of Columbia,Per capita disposable personal income (dollars) 2/,2010,55913
Florida,Disposable personal income (millions of dollars),2010,667272.8
Florida,Population (persons) 1/,2010,18846461
Florida,Per capita disposable personal income (dollars) 2/,2010,35406
Georgia,Disposable personal income (millions of dollars),2010,304195.5
Georgia,Population (persons) 1/,2010,9712696
Georgia,Per capita disposable personal income (dollars) 2/,2010,31319
Hawaii,Disposable personal income (millions of dollars),2010,52331.5
Hawaii,Population (persons) 1/,2010,1363817
Hawaii,Per capita disposable personal income (dollars) 2/,2010,38371
Idaho,Disposable personal income (millions of dollars),2010,46146
Idaho,Population (persons) 1/,2010,1570912
Idaho,Per capita disposable personal income (dollars) 2/,2010,29375
Illinois,Disposable personal income (millions of dollars),2010,485350.8
Illinois,Population (persons) 1/,2010,12841196
Illinois,Per capita disposable personal income (dollars) 2/,2010,37796
Indiana,Disposable personal income (millions of dollars),2010,208947.9
Indiana,Population (persons) 1/,2010,6490029
Indiana,Per capita disposable personal income (dollars) 2/,2010,32195
Iowa,Disposable personal income (millions of dollars),2010,106041.9
Iowa,Population (persons) 1/,2010,3050223
Iowa,Per capita disposable personal income (dollars) 2/,2010,34765
Kansas,Disposable personal income (millions of dollars),2010,102143.3
Kansas,Population (persons) 1/,2010,2858403
Kansas,Per capita disposable personal income (dollars) 2/,2010,35734
Kentucky,Disposable personal income (millions of dollars),2010,131051
Kentucky,Population (persons) 1/,2010,4347948
Kentucky,Per capita disposable personal income (dollars) 2/,2010,30141
Louisiana,Disposable personal income (millions of dollars),2010,157085.7
Louisiana,Population (persons) 1/,2010,4544871
Louisiana,Per capita disposable personal income (dollars) 2/,2010,34563
Maine,Disposable personal income (millions of dollars),2010,45893.4
Maine,Population (persons) 1/,2010,1327568
Maine,Per capita disposable personal income (dollars) 2/,2010,34570
Maryland,Disposable personal income (millions of dollars),2010,255693.9
Maryland,Population (persons) 1/,2010,5788099
Maryland,Per capita disposable personal income (dollars) 2/,2010,44176
Massachusetts,Disposable personal income (millions of dollars),2010,305747.9
Massachusetts,Population (persons) 1/,2010,6564943
Massachusetts,Per capita disposable personal income (dollars) 2/,2010,46573
Michigan,Disposable personal income (millions of dollars),2010,317679.3
Michigan,Population (persons) 1/,2010,9876731
Michigan,Per capita disposable personal income (dollars) 2/,2010,32164
Minnesota,Disposable personal income (millions of dollars),2010,200875.9
Minnesota,Population (persons) 1/,2010,5310711
Minnesota,Per capita disposable personal income (dollars) 2/,2010,37825
Mississippi,Disposable personal income (millions of dollars),2010,85063.3
Mississippi,Population (persons) 1/,2010,2970437
Mississippi,Per capita disposable personal income (dollars) 2/,2010,28637
Missouri,Disposable personal income (millions of dollars),2010,200974
Missouri,Population (persons) 1/,2010,5995681
Missouri,Per capita disposable personal income (dollars) 2/,2010,33520
Montana,Disposable personal income (millions of dollars),2010,32533
Montana,Population (persons) 1/,2010,990507
Montana,Per capita disposable personal income (dollars) 2/,2010,32845
Nebraska,Disposable personal income (millions of dollars),2010,68261.8
Nebraska,Population (persons) 1/,2010,1829956
Nebraska,Per capita disposable personal income (dollars) 2/,2010,37302
Nevada,Disposable personal income (millions of dollars),2010,92844.2
Nevada,Population (persons) 1/,2010,2702797
Nevada,Per capita disposable personal income (dollars) 2/,2010,34351
New Hampshire,Disposable personal income (millions of dollars),2010,57243.6
New Hampshire,Population (persons) 1/,2010,1316700
New Hampshire,Per capita disposable personal income (dollars) 2/,2010,43475
New Jersey,Disposable personal income (millions of dollars),2010,400626.5
New Jersey,Population (persons) 1/,2010,8803708
New Jersey,Per capita disposable personal income (dollars) 2/,2010,45507
New Mexico,Disposable personal income (millions of dollars),2010,64048.1
New Mexico,Population (persons) 1/,2010,2064607
New Mexico,Per capita disposable personal income (dollars) 2/,2010,31022
New York,Disposable personal income (millions of dollars),2010,823954.6
New York,Population (persons) 1/,2010,19405185
New York,Per capita disposable personal income (dollars) 2/,2010,42461
North Carolina,Disposable personal income (millions of dollars),2010,309769.5
North Carolina,Population (persons) 1/,2010,9574247
North Carolina,Per capita disposable personal income (dollars) 2/,2010,32354
North Dakota,Disposable personal income (millions of dollars),2010,26866.8
North Dakota,Population (persons) 1/,2010,674518
North Dakota,Per capita disposable personal income (dollars) 2/,2010,39831
Ohio,Disposable personal income (millions of dollars),2010,382224.2
Ohio,Population (persons) 1/,2010,11539282
Ohio,Per capita disposable personal income (dollars) 2/,2010,33124
Oklahoma,Disposable personal income (millions of dollars),2010,126250
Oklahoma,Population (persons) 1/,2010,3759529
Oklahoma,Per capita disposable personal income (dollars) 2/,2010,33581
Oregon,Disposable personal income (millions of dollars),2010,124171.5
Oregon,Population (persons) 1/,2010,3837073
Oregon,Per capita disposable personal income (dollars) 2/,2010,32361
Pennsylvania,Disposable personal income (millions of dollars),2010,480638
Pennsylvania,Population (persons) 1/,2010,12711063
Pennsylvania,Per capita disposable personal income (dollars) 2/,2010,37813
Rhode Island,Disposable personal income (millions of dollars),2010,40955.8
Rhode Island,Population (persons) 1/,2010,1053169
Rhode Island,Per capita disposable personal income (dollars) 2/,2010,38888
South Carolina,Disposable personal income (millions of dollars),2010,138326.1
South Carolina,Population (persons) 1/,2010,4635834
South Carolina,Per capita disposable personal income (dollars) 2/,2010,29838
South Dakota,Disposable personal income (millions of dollars),2010,31275.3
South Dakota,Population (persons) 1/,2010,816227
South Dakota,Per capita disposable personal income (dollars) 2/,2010,38317
Tennessee,Disposable personal income (millions of dollars),2010,212807.3
Tennessee,Population (persons) 1/,2010,6355882
Tennessee,Per capita disposable personal income (dollars) 2/,2010,33482
Texas,Disposable personal income (millions of dollars),2010,889144.6
Texas,Population (persons) 1/,2010,25241648
Texas,Per capita disposable personal income (dollars) 2/,2010,35225
Utah,Disposable personal income (millions of dollars),2010,81522.2
Utah,Population (persons) 1/,2010,2775260
Utah,Per capita disposable personal income (dollars) 2/,2010,29375
Vermont,Disposable personal income (millions of dollars),2010,23626.9
Vermont,Population (persons) 1/,2010,625842
Vermont,Per capita disposable personal income (dollars) 2/,2010,37752
Virginia,Disposable personal income (millions of dollars),2010,325201
Virginia,Population (persons) 1/,2010,8025206
Virginia,Per capita disposable personal income (dollars) 2/,2010,40522
Washington,Disposable personal income (millions of dollars),2010,263529.9
Washington,Population (persons) 1/,2010,6741386
Washington,Per capita disposable personal income (dollars) 2/,2010,39091
West Virginia,Disposable personal income (millions of dollars),2010,54959.6
West Virginia,Population (persons) 1/,2010,1854315
West Virginia,Per capita disposable personal income (dollars) 2/,2010,29639
Wisconsin,Disposable personal income (millions of dollars),2010,200482.2
Wisconsin,Population (persons) 1/,2010,5690403
Wisconsin,Per capita disposable personal income (dollars) 2/,2010,35232
Wyoming,Disposable personal income (millions of dollars),2010,23629.9
Wyoming,Population (persons) 1/,2010,564376
Wyoming,Per capita disposable personal income (dollars) 2/,2010,41869
New England,Disposable personal income (millions of dollars),2010,668246.2
New England,Population (persons) 1/,2010,14468393
New England,Per capita disposable personal income (dollars) 2/,2010,46187
Mideast,Disposable personal income (millions of dollars),2010,2027891.2
Mideast,Population (persons) 1/,2010,48212807
Mideast,Per capita disposable personal income (dollars) 2/,2010,42061
Great Lakes,Disposable personal income (millions of dollars),2010,1594684.4
Great Lakes,Population (persons) 1/,2010,46437641
Great Lakes,Per capita disposable personal income (dollars) 2/,2010,34340
Plains,Disposable personal income (millions of dollars),2010,736439.1
Plains,Population (persons) 1/,2010,20535719
Plains,Per capita disposable personal income (dollars) 2/,2010,35861
Southeast,Disposable personal income (millions of dollars),2010,2619853.8
Southeast,Population (persons) 1/,2010,78575213
Southeast,Per capita disposable personal income (dollars) 2/,2010,33342
Southwest,Disposable personal income (millions of dollars),2010,1277046.6
Southwest,Population (persons) 1/,2010,37472786
Southwest,Per capita disposable personal income (dollars) 2/,2010,34079
Rocky Mountain,Disposable personal income (millions of dollars),2010,366793
Rocky Mountain,Population (persons) 1/,2010,10949084
Rocky Mountain,Per capita disposable personal income (dollars) 2/,2010,33500
Far West,Disposable personal income (millions of dollars),2010,2015036.7
Far West,Population (persons) 1/,2010,52686778
Far West,Per capita disposable personal income (dollars) 2/,2010,38246
United States,Disposable personal income (millions of dollars),2011,11863823
United States,Population (persons) 1/,2011,311644280
United States,Per capita disposable personal income (dollars) 2/,2011,38068
Alabama,Disposable personal income (millions of dollars),2011,152628.8
Alabama,Population (persons) 1/,2011,4798649
Alabama,Per capita disposable personal income (dollars) 2/,2011,31807
Alaska,Disposable personal income (millions of dollars),2011,34499.3
Alaska,Population (persons) 1/,2011,722259
Alaska,Per capita disposable personal income (dollars) 2/,2011,47766
Arizona,Disposable personal income (millions of dollars),2011,204778.1
Arizona,Population (persons) 1/,2011,6465488
Arizona,Per capita disposable personal income (dollars) 2/,2011,31672
Arkansas,Disposable personal income (millions of dollars),2011,90285.2
Arkansas,Population (persons) 1/,2011,2938640
Arkansas,Per capita disposable personal income (dollars) 2/,2011,30723
California,Disposable personal income (millions of dollars),2011,1529630.5
California,Population (persons) 1/,2011,37672654
California,Per capita disposable personal income (dollars) 2/,2011,40603
Colorado,Disposable personal income (millions of dollars),2011,196527
Colorado,Population (persons) 1/,2011,5116411
Colorado,Per capita disposable personal income (dollars) 2/,2011,38411
Connecticut,Disposable personal income (millions of dollars),2011,197139
Connecticut,Population (persons) 1/,2011,3591927
Connecticut,Per capita disposable personal income (dollars) 2/,2011,54884
Delaware,Disposable personal income (millions of dollars),2011,35491.9
Delaware,Population (persons) 1/,2011,907884
Delaware,Per capita disposable personal income (dollars) 2/,2011,39093
District of Columbia,Disposable personal income (millions of dollars),2011,36387.9
District of Columbia,Population (persons) 1/,2011,620336
District of Columbia,Per capita disposable personal income (dollars) 2/,2011,58658
Florida,Disposable personal income (millions of dollars),2011,696377.2
Florida,Population (persons) 1/,2011,19097369
Florida,Per capita disposable personal income (dollars) 2/,2011,36465
Georgia,Disposable personal income (millions of dollars),2011,323610.7
Georgia,Population (persons) 1/,2011,9810595
Georgia,Per capita disposable personal income (dollars) 2/,2011,32986
Hawaii,Disposable personal income (millions of dollars),2011,54480.3
Hawaii,Population (persons) 1/,2011,1378323
Hawaii,Per capita disposable personal income (dollars) 2/,2011,39527
Idaho,Disposable personal income (millions of dollars),2011,48371.1
Idaho,Population (persons) 1/,2011,1583180
Idaho,Per capita disposable personal income (dollars) 2/,2011,30553
Illinois,Disposable personal income (millions of dollars),2011,501105.1
Illinois,Population (persons) 1/,2011,12862298
Illinois,Per capita disposable personal income (dollars) 2/,2011,38959
Indiana,Disposable personal income (millions of dollars),2011,220510.5
Indiana,Population (persons) 1/,2011,6515358
Indiana,Per capita disposable personal income (dollars) 2/,2011,33845
Iowa,Disposable personal income (millions of dollars),2011,113356.3
Iowa,Population (persons) 1/,2011,3063690
Iowa,Per capita disposable personal income (dollars) 2/,2011,37000
Kansas,Disposable personal income (millions of dollars),2011,109991.1
Kansas,Population (persons) 1/,2011,2868756
Kansas,Per capita disposable personal income (dollars) 2/,2011,38341
Kentucky,Disposable personal income (millions of dollars),2011,136352.3
Kentucky,Population (persons) 1/,2011,4368505
Kentucky,Per capita disposable personal income (dollars) 2/,2011,31213
Louisiana,Disposable personal income (millions of dollars),2011,161398.5
Louisiana,Population (persons) 1/,2011,4574388
Louisiana,Per capita disposable personal income (dollars) 2/,2011,35283
Maine,Disposable personal income (millions of dollars),2011,47259.4
Maine,Population (persons) 1/,2011,1327968
Maine,Per capita disposable personal income (dollars) 2/,2011,35588
Maryland,Disposable personal income (millions of dollars),2011,267308.1
Maryland,Population (persons) 1/,2011,5843115
Maryland,Per capita disposable personal income (dollars) 2/,2011,45748
Massachusetts,Disposable personal income (millions of dollars),2011,315223.8
Massachusetts,Population (persons) 1/,2011,6612178
Massachusetts,Per capita disposable personal income (dollars) 2/,2011,47673
Michigan,Disposable personal income (millions of dollars),2011,333298
Michigan,Population (persons) 1/,2011,9876199
Michigan,Per capita disposable personal income (dollars) 2/,2011,33748
Minnesota,Disposable personal income (millions of dollars),2011,212325.3
Minnesota,Population (persons) 1/,2011,5345967
Minnesota,Per capita disposable personal income (dollars) 2/,2011,39717
Mississippi,Disposable personal income (millions of dollars),2011,88739.2
Mississippi,Population (persons) 1/,2011,2977452
Mississippi,Per capita disposable personal income (dollars) 2/,2011,29804
Missouri,Disposable personal income (millions of dollars),2011,207023.2
Missouri,Population (persons) 1/,2011,6010280
Missouri,Per capita disposable personal income (dollars) 2/,2011,34445
Montana,Disposable personal income (millions of dollars),2011,34461.2
Montana,Population (persons) 1/,2011,996866
Montana,Per capita disposable personal income (dollars) 2/,2011,34570
Nebraska,Disposable personal income (millions of dollars),2011,75886.8
Nebraska,Population (persons) 1/,2011,1841641
Nebraska,Per capita disposable personal income (dollars) 2/,2011,41206
Nevada,Disposable personal income (millions of dollars),2011,95939.1
Nevada,Population (persons) 1/,2011,2718170
Nevada,Per capita disposable personal income (dollars) 2/,2011,35295
New Hampshire,Disposable personal income (millions of dollars),2011,59469.7
New Hampshire,Population (persons) 1/,2011,1318345
New Hampshire,Per capita disposable personal income (dollars) 2/,2011,45109
New Jersey,Disposable personal income (millions of dollars),2011,414021.3
New Jersey,Population (persons) 1/,2011,8844694
New Jersey,Per capita disposable personal income (dollars) 2/,2011,46810
New Mexico,Disposable personal income (millions of dollars),2011,66798
New Mexico,Population (persons) 1/,2011,2077744
New Mexico,Per capita disposable personal income (dollars) 2/,2011,32149
New York,Disposable personal income (millions of dollars),2011,859591.6
New York,Population (persons) 1/,2011,19526372
New York,Per capita disposable personal income (dollars) 2/,2011,44022
North Carolina,Disposable personal income (millions of dollars),2011,318199.6
North Carolina,Population (persons) 1/,2011,9662940
North Carolina,Per capita disposable personal income (dollars) 2/,2011,32930
North Dakota,Disposable personal income (millions of dollars),2011,29499.9
North Dakota,Population (persons) 1/,2011,684830
North Dakota,Per capita disposable personal income (dollars) 2/,2011,43076
Ohio,Disposable personal income (millions of dollars),2011,404231.8
Ohio,Population (persons) 1/,2011,11543332
Ohio,Per capita disposable personal income (dollars) 2/,2011,35019
Oklahoma,Disposable personal income (millions of dollars),2011,134033.8
Oklahoma,Population (persons) 1/,2011,3785232
Oklahoma,Per capita disposable personal income (dollars) 2/,2011,35410
Oregon,Disposable personal income (millions of dollars),2011,129488
Oregon,Population (persons) 1/,2011,3865845
Oregon,Per capita disposable personal income (dollars) 2/,2011,33495
Pennsylvania,Disposable personal income (millions of dollars),2011,501475.9
Pennsylvania,Population (persons) 1/,2011,12742811
Pennsylvania,Per capita disposable personal income (dollars) 2/,2011,39354
Rhode Island,Disposable personal income (millions of dollars),2011,41975.4
Rhode Island,Population (persons) 1/,2011,1052154
Rhode Island,Per capita disposable personal income (dollars) 2/,2011,39895
South Carolina,Disposable personal income (millions of dollars),2011,144892.3
South Carolina,Population (persons) 1/,2011,4672744
South Carolina,Per capita disposable personal income (dollars) 2/,2011,31008
South Dakota,Disposable personal income (millions of dollars),2011,33882.4
South Dakota,Population (persons) 1/,2011,823338
South Dakota,Per capita disposable personal income (dollars) 2/,2011,41152
Tennessee,Disposable personal income (millions of dollars),2011,224068.1
Tennessee,Population (persons) 1/,2011,6396281
Tennessee,Per capita disposable personal income (dollars) 2/,2011,35031
Texas,Disposable personal income (millions of dollars),2011,960684.2
Texas,Population (persons) 1/,2011,25644424
Texas,Per capita disposable personal income (dollars) 2/,2011,37462
Utah,Disposable personal income (millions of dollars),2011,87128.4
Utah,Population (persons) 1/,2011,2815430
Utah,Per capita disposable personal income (dollars) 2/,2011,30947
Vermont,Disposable personal income (millions of dollars),2011,24753.3
Vermont,Population (persons) 1/,2011,626210
Vermont,Per capita disposable personal income (dollars) 2/,2011,39529
Virginia,Disposable personal income (millions of dollars),2011,340689.9
Virginia,Population (persons) 1/,2011,8107548
Virginia,Per capita disposable personal income (dollars) 2/,2011,42021
Washington,Disposable personal income (millions of dollars),2011,275687.2
Washington,Population (persons) 1/,2011,6819155
Washington,Per capita disposable personal income (dollars) 2/,2011,40428
West Virginia,Disposable personal income (millions of dollars),2011,57379.7
West Virginia,Population (persons) 1/,2011,1854891
West Virginia,Per capita disposable personal income (dollars) 2/,2011,30934
Wisconsin,Disposable personal income (millions of dollars),2011,209701.3
Wisconsin,Population (persons) 1/,2011,5705812
Wisconsin,Per capita disposable personal income (dollars) 2/,2011,36752
Wyoming,Disposable personal income (millions of dollars),2011,25786.2
Wyoming,Population (persons) 1/,2011,567602
Wyoming,Per capita disposable personal income (dollars) 2/,2011,45430
New England,Disposable personal income (millions of dollars),2011,685820.7
New England,Population (persons) 1/,2011,14528782
New England,Per capita disposable personal income (dollars) 2/,2011,47204
Mideast,Disposable personal income (millions of dollars),2011,2114276.8
Mideast,Population (persons) 1/,2011,48485212
Mideast,Per capita disposable personal income (dollars) 2/,2011,43607
Great Lakes,Disposable personal income (millions of dollars),2011,1668846.7
Great Lakes,Population (persons) 1/,2011,46502999
Great Lakes,Per capita disposable personal income (dollars) 2/,2011,35887
Plains,Disposable personal income (millions of dollars),2011,781964.9
Plains,Population (persons) 1/,2011,20638502
Plains,Per capita disposable personal income (dollars) 2/,2011,37889
Southeast,Disposable personal income (millions of dollars),2011,2734621.5
Southeast,Population (persons) 1/,2011,79260002
Southeast,Per capita disposable personal income (dollars) 2/,2011,34502
Southwest,Disposable personal income (millions of dollars),2011,1366294
Southwest,Population (persons) 1/,2011,37972888
Southwest,Per capita disposable personal income (dollars) 2/,2011,35981
Rocky Mountain,Disposable personal income (millions of dollars),2011,392273.8
Rocky Mountain,Population (persons) 1/,2011,11079489
Rocky Mountain,Per capita disposable personal income (dollars) 2/,2011,35405
Far West,Disposable personal income (millions of dollars),2011,2119724.5
Far West,Population (persons) 1/,2011,53176406
Far West,Per capita disposable personal income (dollars) 2/,2011,39862
United States,Disposable personal income (millions of dollars),2012,12490913
United States,Population (persons) 1/,2012,313993272
United States,Per capita disposable personal income (dollars) 2/,2012,39781
Alabama,Disposable personal income (millions of dollars),2012,157600.2
Alabama,Population (persons) 1/,2012,4813946
Alabama,Per capita disposable personal income (dollars) 2/,2012,32738
Alaska,Disposable personal income (millions of dollars),2012,35770.9
Alaska,Population (persons) 1/,2012,730825
Alaska,Per capita disposable personal income (dollars) 2/,2012,48946
Arizona,Disposable personal income (millions of dollars),2012,214890
Arizona,Population (persons) 1/,2012,6544211
Arizona,Per capita disposable personal income (dollars) 2/,2012,32837
Arkansas,Disposable personal income (millions of dollars),2012,97087.4
Arkansas,Population (persons) 1/,2012,2949208
Arkansas,Per capita disposable personal income (dollars) 2/,2012,32920
California,Disposable personal income (millions of dollars),2012,1629213.9
California,Population (persons) 1/,2012,38019006
California,Per capita disposable personal income (dollars) 2/,2012,42853
Colorado,Disposable personal income (millions of dollars),2012,209477.9
Colorado,Population (persons) 1/,2012,5186330
Colorado,Per capita disposable personal income (dollars) 2/,2012,40390
Connecticut,Disposable personal income (millions of dollars),2012,200908.2
Connecticut,Population (persons) 1/,2012,3597705
Connecticut,Per capita disposable personal income (dollars) 2/,2012,55843
Delaware,Disposable personal income (millions of dollars),2012,36030.9
Delaware,Population (persons) 1/,2012,916868
Delaware,Per capita disposable personal income (dollars) 2/,2012,39298
District of Columbia,Disposable personal income (millions of dollars),2012,37543.5
District of Columbia,Population (persons) 1/,2012,635630
District of Columbia,Per capita disposable personal income (dollars) 2/,2012,59065
Florida,Disposable personal income (millions of dollars),2012,718277.6
Florida,Population (persons) 1/,2012,19341327
Florida,Per capita disposable personal income (dollars) 2/,2012,37137
Georgia,Disposable personal income (millions of dollars),2012,331225.9
Georgia,Population (persons) 1/,2012,9911171
Georgia,Per capita disposable personal income (dollars) 2/,2012,33419
Hawaii,Disposable personal income (millions of dollars),2012,56760.7
Hawaii,Population (persons) 1/,2012,1392772
Hawaii,Per capita disposable personal income (dollars) 2/,2012,40754
Idaho,Disposable personal income (millions of dollars),2012,51170.1
Idaho,Population (persons) 1/,2012,1594673
Idaho,Per capita disposable personal income (dollars) 2/,2012,32088
Illinois,Disposable personal income (millions of dollars),2012,522496.7
Illinois,Population (persons) 1/,2012,12878494
Illinois,Per capita disposable personal income (dollars) 2/,2012,40571
Indiana,Disposable personal income (millions of dollars),2012,232161.6
Indiana,Population (persons) 1/,2012,6535665
Indiana,Per capita disposable personal income (dollars) 2/,2012,35522
Iowa,Disposable personal income (millions of dollars),2012,118922.4
Iowa,Population (persons) 1/,2012,3074386
Iowa,Per capita disposable personal income (dollars) 2/,2012,38682
Kansas,Disposable personal income (millions of dollars),2012,117214.6
Kansas,Population (persons) 1/,2012,2885316
Kansas,Per capita disposable personal income (dollars) 2/,2012,40625
Kentucky,Disposable personal income (millions of dollars),2012,141682.6
Kentucky,Population (persons) 1/,2012,4383673
Kentucky,Per capita disposable personal income (dollars) 2/,2012,32321
Louisiana,Disposable personal income (millions of dollars),2012,169581
Louisiana,Population (persons) 1/,2012,4602681
Louisiana,Per capita disposable personal income (dollars) 2/,2012,36844
Maine,Disposable personal income (millions of dollars),2012,48340.4
Maine,Population (persons) 1/,2012,1328101
Maine,Per capita disposable personal income (dollars) 2/,2012,36398
Maryland,Disposable personal income (millions of dollars),2012,275680.8
Maryland,Population (persons) 1/,2012,5891680
Maryland,Per capita disposable personal income (dollars) 2/,2012,46792
Massachusetts,Disposable personal income (millions of dollars),2012,331157.1
Massachusetts,Population (persons) 1/,2012,6659627
Massachusetts,Per capita disposable personal income (dollars) 2/,2012,49726
Michigan,Disposable personal income (millions of dollars),2012,346323.7
Michigan,Population (persons) 1/,2012,9886610
Michigan,Per capita disposable personal income (dollars) 2/,2012,35030
Minnesota,Disposable personal income (millions of dollars),2012,225676.9
Minnesota,Population (persons) 1/,2012,5377695
Minnesota,Per capita disposable personal income (dollars) 2/,2012,41965
Mississippi,Disposable personal income (millions of dollars),2012,91904.2
Mississippi,Population (persons) 1/,2012,2982963
Mississippi,Per capita disposable personal income (dollars) 2/,2012,30810
Missouri,Disposable personal income (millions of dollars),2012,217579
Missouri,Population (persons) 1/,2012,6023267
Missouri,Per capita disposable personal income (dollars) 2/,2012,36123
Montana,Disposable personal income (millions of dollars),2012,36496.8
Montana,Population (persons) 1/,2012,1003522
Montana,Per capita disposable personal income (dollars) 2/,2012,36369
Nebraska,Disposable personal income (millions of dollars),2012,77877
Nebraska,Population (persons) 1/,2012,1854862
Nebraska,Per capita disposable personal income (dollars) 2/,2012,41985
Nevada,Disposable personal income (millions of dollars),2012,99519.6
Nevada,Population (persons) 1/,2012,2752410
Nevada,Per capita disposable personal income (dollars) 2/,2012,36157
New Hampshire,Disposable personal income (millions of dollars),2012,62624.9
New Hampshire,Population (persons) 1/,2012,1320923
New Hampshire,Per capita disposable personal income (dollars) 2/,2012,47410
New Jersey,Disposable personal income (millions of dollars),2012,432084.7
New Jersey,Population (persons) 1/,2012,8882095
New Jersey,Per capita disposable personal income (dollars) 2/,2012,48647
New Mexico,Disposable personal income (millions of dollars),2012,68546.3
New Mexico,Population (persons) 1/,2012,2083590
New Mexico,Per capita disposable personal income (dollars) 2/,2012,32898
New York,Disposable personal income (millions of dollars),2012,913604.5
New York,Population (persons) 1/,2012,19625409
New York,Per capita disposable personal income (dollars) 2/,2012,46552
North Carolina,Disposable personal income (millions of dollars),2012,342213.4
North Carolina,Population (persons) 1/,2012,9755299
North Carolina,Per capita disposable personal income (dollars) 2/,2012,35080
North Dakota,Disposable personal income (millions of dollars),2012,34684.6
North Dakota,Population (persons) 1/,2012,701380
North Dakota,Per capita disposable personal income (dollars) 2/,2012,49452
Ohio,Disposable personal income (millions of dollars),2012,420852.4
Ohio,Population (persons) 1/,2012,11546969
Ohio,Per capita disposable personal income (dollars) 2/,2012,36447
Oklahoma,Disposable personal income (millions of dollars),2012,143767.4
Oklahoma,Population (persons) 1/,2012,3815298
Oklahoma,Per capita disposable personal income (dollars) 2/,2012,37682
Oregon,Disposable personal income (millions of dollars),2012,136890.3
Oregon,Population (persons) 1/,2012,3893920
Oregon,Per capita disposable personal income (dollars) 2/,2012,35155
Pennsylvania,Disposable personal income (millions of dollars),2012,525045.4
Pennsylvania,Population (persons) 1/,2012,12768034
Pennsylvania,Per capita disposable personal income (dollars) 2/,2012,41122
Rhode Island,Disposable personal income (millions of dollars),2012,43809.5
Rhode Island,Population (persons) 1/,2012,1052761
Rhode Island,Per capita disposable personal income (dollars) 2/,2012,41614
South Carolina,Disposable personal income (millions of dollars),2012,152803.5
South Carolina,Population (persons) 1/,2012,4719009
South Carolina,Per capita disposable personal income (dollars) 2/,2012,32380
South Dakota,Disposable personal income (millions of dollars),2012,34500.6
South Dakota,Population (persons) 1/,2012,832576
South Dakota,Per capita disposable personal income (dollars) 2/,2012,41438
Tennessee,Disposable personal income (millions of dollars),2012,235952.5
Tennessee,Population (persons) 1/,2012,6450632
Tennessee,Per capita disposable personal income (dollars) 2/,2012,36578
Texas,Disposable personal income (millions of dollars),2012,1030824.1
Texas,Population (persons) 1/,2012,26078327
Texas,Per capita disposable personal income (dollars) 2/,2012,39528
Utah,Disposable personal income (millions of dollars),2012,93103.3
Utah,Population (persons) 1/,2012,2854222
Utah,Per capita disposable personal income (dollars) 2/,2012,32620
Vermont,Disposable personal income (millions of dollars),2012,25711.9
Vermont,Population (persons) 1/,2012,625606
Vermont,Per capita disposable personal income (dollars) 2/,2012,41099
Virginia,Disposable personal income (millions of dollars),2012,358932.2
Virginia,Population (persons) 1/,2012,8188656
Virginia,Per capita disposable personal income (dollars) 2/,2012,43833
Washington,Disposable personal income (millions of dollars),2012,299332.8
Washington,Population (persons) 1/,2012,6890899
Washington,Per capita disposable personal income (dollars) 2/,2012,43439
West Virginia,Disposable personal income (millions of dollars),2012,59432.9
West Virginia,Population (persons) 1/,2012,1855360
West Virginia,Per capita disposable personal income (dollars) 2/,2012,32033
Wisconsin,Disposable personal income (millions of dollars),2012,220035.9
Wisconsin,Population (persons) 1/,2012,5721075
Wisconsin,Per capita disposable personal income (dollars) 2/,2012,38461
Wyoming,Disposable personal income (millions of dollars),2012,27588.6
Wyoming,Population (persons) 1/,2012,576608
Wyoming,Per capita disposable personal income (dollars) 2/,2012,47846
New England,Disposable personal income (millions of dollars),2012,712551.9
New England,Population (persons) 1/,2012,14584723
New England,Per capita disposable personal income (dollars) 2/,2012,48856
Mideast,Disposable personal income (millions of dollars),2012,2219989.8
Mideast,Population (persons) 1/,2012,48719716
Mideast,Per capita disposable personal income (dollars) 2/,2012,45567
Great Lakes,Disposable personal income (millions of dollars),2012,1741870.2
Great Lakes,Population (persons) 1/,2012,46568813
Great Lakes,Per capita disposable personal income (dollars) 2/,2012,37404
Plains,Disposable personal income (millions of dollars),2012,826455.1
Plains,Population (persons) 1/,2012,20749482
Plains,Per capita disposable personal income (dollars) 2/,2012,39830
Southeast,Disposable personal income (millions of dollars),2012,2856693.5
Southeast,Population (persons) 1/,2012,79953925
Southeast,Per capita disposable personal income (dollars) 2/,2012,35729
Southwest,Disposable personal income (millions of dollars),2012,1458027.7
Southwest,Population (persons) 1/,2012,38521426
Southwest,Per capita disposable personal income (dollars) 2/,2012,37850
Rocky Mountain,Disposable personal income (millions of dollars),2012,417836.7
Rocky Mountain,Population (persons) 1/,2012,11215355
Rocky Mountain,Per capita disposable personal income (dollars) 2/,2012,37256
Far West,Disposable personal income (millions of dollars),2012,2257488.1
Far West,Population (persons) 1/,2012,53679832
Far West,Per capita disposable personal income (dollars) 2/,2012,42055
United States,Disposable personal income (millions of dollars),2013,12501275
United States,Population (persons) 1/,2013,316234505
United States,Per capita disposable personal income (dollars) 2/,2013,39532
Alabama,Disposable personal income (millions of dollars),2013,157996.5
Alabama,Population (persons) 1/,2013,4827660
Alabama,Per capita disposable personal income (dollars) 2/,2013,32727
Alaska,Disposable personal income (millions of dollars),2013,35125.9
Alaska,Population (persons) 1/,2013,736760
Alaska,Per capita disposable personal income (dollars) 2/,2013,47676
Arizona,Disposable personal income (millions of dollars),2013,218701.2
Arizona,Population (persons) 1/,2013,6616124
Arizona,Per capita disposable personal income (dollars) 2/,2013,33056
Arkansas,Disposable personal income (millions of dollars),2013,96115.5
Arkansas,Population (persons) 1/,2013,2956780
Arkansas,Per capita disposable personal income (dollars) 2/,2013,32507
California,Disposable personal income (millions of dollars),2013,1632024
California,Population (persons) 1/,2013,38347383
California,Per capita disposable personal income (dollars) 2/,2013,42559
Colorado,Disposable personal income (millions of dollars),2013,218814.1
Colorado,Population (persons) 1/,2013,5262556
Colorado,Per capita disposable personal income (dollars) 2/,2013,41579
Connecticut,Disposable personal income (millions of dollars),2013,192594.7
Connecticut,Population (persons) 1/,2013,3602470
Connecticut,Per capita disposable personal income (dollars) 2/,2013,53462
Delaware,Disposable personal income (millions of dollars),2013,36319.1
Delaware,Population (persons) 1/,2013,925114
Delaware,Per capita disposable personal income (dollars) 2/,2013,39259
District of Columbia,Disposable personal income (millions of dollars),2013,37845.5
District of Columbia,Population (persons) 1/,2013,650114
District of Columbia,Per capita disposable personal income (dollars) 2/,2013,58214
Florida,Disposable personal income (millions of dollars),2013,712740.5
Florida,Population (persons) 1/,2013,19584927
Florida,Per capita disposable personal income (dollars) 2/,2013,36392
Georgia,Disposable personal income (millions of dollars),2013,332717.2
Georgia,Population (persons) 1/,2013,9981773
Georgia,Per capita disposable personal income (dollars) 2/,2013,33332
Hawaii,Disposable personal income (millions of dollars),2013,56987.5
Hawaii,Population (persons) 1/,2013,1408038
Hawaii,Per capita disposable personal income (dollars) 2/,2013,40473
Idaho,Disposable personal income (millions of dollars),2013,52752
Idaho,Population (persons) 1/,2013,1610187
Idaho,Per capita disposable personal income (dollars) 2/,2013,32761
Illinois,Disposable personal income (millions of dollars),2013,530377.2
Illinois,Population (persons) 1/,2013,12890403
Illinois,Per capita disposable personal income (dollars) 2/,2013,41145
Indiana,Disposable personal income (millions of dollars),2013,233399.5
Indiana,Population (persons) 1/,2013,6567484
Indiana,Per capita disposable personal income (dollars) 2/,2013,35539
Iowa,Disposable personal income (millions of dollars),2013,120463.7
Iowa,Population (persons) 1/,2013,3089876
Iowa,Per capita disposable personal income (dollars) 2/,2013,38987
Kansas,Disposable personal income (millions of dollars),2013,118896.7
Kansas,Population (persons) 1/,2013,2892900
Kansas,Per capita disposable personal income (dollars) 2/,2013,41099
Kentucky,Disposable personal income (millions of dollars),2013,141823.7
Kentucky,Population (persons) 1/,2013,4399121
Kentucky,Per capita disposable personal income (dollars) 2/,2013,32239
Louisiana,Disposable personal income (millions of dollars),2013,170530.7
Louisiana,Population (persons) 1/,2013,4626795
Louisiana,Per capita disposable personal income (dollars) 2/,2013,36857
Maine,Disposable personal income (millions of dollars),2013,47898.7
Maine,Population (persons) 1/,2013,1327975
Maine,Per capita disposable personal income (dollars) 2/,2013,36069
Maryland,Disposable personal income (millions of dollars),2013,271770.2
Maryland,Population (persons) 1/,2013,5932654
Maryland,Per capita disposable personal income (dollars) 2/,2013,45809
Massachusetts,Disposable personal income (millions of dollars),2013,327550.6
Massachusetts,Population (persons) 1/,2013,6711138
Massachusetts,Per capita disposable personal income (dollars) 2/,2013,48807
Michigan,Disposable personal income (millions of dollars),2013,346371.2
Michigan,Population (persons) 1/,2013,9899219
Michigan,Per capita disposable personal income (dollars) 2/,2013,34990
Minnesota,Disposable personal income (millions of dollars),2013,224024.5
Minnesota,Population (persons) 1/,2013,5416074
Minnesota,Per capita disposable personal income (dollars) 2/,2013,41363
Mississippi,Disposable personal income (millions of dollars),2013,92965.9
Mississippi,Population (persons) 1/,2013,2987721
Mississippi,Per capita disposable personal income (dollars) 2/,2013,31116
Missouri,Disposable personal income (millions of dollars),2013,216987.3
Missouri,Population (persons) 1/,2013,6041142
Missouri,Per capita disposable personal income (dollars) 2/,2013,35918
Montana,Disposable personal income (millions of dollars),2013,36408.7
Montana,Population (persons) 1/,2013,1011921
Montana,Per capita disposable personal income (dollars) 2/,2013,35980
Nebraska,Disposable personal income (millions of dollars),2013,77820.2
Nebraska,Population (persons) 1/,2013,1867414
Nebraska,Per capita disposable personal income (dollars) 2/,2013,41673
Nevada,Disposable personal income (millions of dollars),2013,98523.7
Nevada,Population (persons) 1/,2013,2786547
Nevada,Per capita disposable personal income (dollars) 2/,2013,35357
New Hampshire,Disposable personal income (millions of dollars),2013,61561.1
New Hampshire,Population (persons) 1/,2013,1322622
New Hampshire,Per capita disposable personal income (dollars) 2/,2013,46545
New Jersey,Disposable personal income (millions of dollars),2013,429207.3
New Jersey,Population (persons) 1/,2013,8913735
New Jersey,Per capita disposable personal income (dollars) 2/,2013,48151
New Mexico,Disposable personal income (millions of dollars),2013,66782
New Mexico,Population (persons) 1/,2013,2085161
New Mexico,Per capita disposable personal income (dollars) 2/,2013,32027
New York,Disposable personal income (millions of dollars),2013,908077.4
New York,Population (persons) 1/,2013,19712514
New York,Per capita disposable personal income (dollars) 2/,2013,46066
North Carolina,Disposable personal income (millions of dollars),2013,334700
North Carolina,Population (persons) 1/,2013,9849812
North Carolina,Per capita disposable personal income (dollars) 2/,2013,33980
North Dakota,Disposable personal income (millions of dollars),2013,34274.5
North Dakota,Population (persons) 1/,2013,722908
North Dakota,Per capita disposable personal income (dollars) 2/,2013,47412
Ohio,Disposable personal income (millions of dollars),2013,424069.2
Ohio,Population (persons) 1/,2013,11567845
Ohio,Per capita disposable personal income (dollars) 2/,2013,36659
Oklahoma,Disposable personal income (millions of dollars),2013,150231.5
Oklahoma,Population (persons) 1/,2013,3849840
Oklahoma,Per capita disposable personal income (dollars) 2/,2013,39023
Oregon,Disposable personal income (millions of dollars),2013,137191.5
Oregon,Population (persons) 1/,2013,3919664
Oregon,Per capita disposable personal income (dollars) 2/,2013,35001
Pennsylvania,Disposable personal income (millions of dollars),2013,524608.6
Pennsylvania,Population (persons) 1/,2013,12778450
Pennsylvania,Per capita disposable personal income (dollars) 2/,2013,41054
Rhode Island,Disposable personal income (millions of dollars),2013,43322.4
Rhode Island,Population (persons) 1/,2013,1052784
Rhode Island,Per capita disposable personal income (dollars) 2/,2013,41150
South Carolina,Disposable personal income (millions of dollars),2013,153493.4
South Carolina,Population (persons) 1/,2013,4765862
South Carolina,Per capita disposable personal income (dollars) 2/,2013,32207
South Dakota,Disposable personal income (millions of dollars),2013,34733.9
South Dakota,Population (persons) 1/,2013,842513
South Dakota,Per capita disposable personal income (dollars) 2/,2013,41226
Tennessee,Disposable personal income (millions of dollars),2013,236306.4
Tennessee,Population (persons) 1/,2013,6490795
Tennessee,Per capita disposable personal income (dollars) 2/,2013,36406
Texas,Disposable personal income (millions of dollars),2013,1044928.8
Texas,Population (persons) 1/,2013,26479279
Texas,Per capita disposable personal income (dollars) 2/,2013,39462
Utah,Disposable personal income (millions of dollars),2013,95353.6
Utah,Population (persons) 1/,2013,2899961
Utah,Per capita disposable personal income (dollars) 2/,2013,32881
Vermont,Disposable personal income (millions of dollars),2013,25814.6
Vermont,Population (persons) 1/,2013,626044
Vermont,Per capita disposable personal income (dollars) 2/,2013,41234
Virginia,Disposable personal income (millions of dollars),2013,352490.4
Virginia,Population (persons) 1/,2013,8261689
Virginia,Per capita disposable personal income (dollars) 2/,2013,42666
Washington,Disposable personal income (millions of dollars),2013,302400.7
Washington,Population (persons) 1/,2013,6963410
Washington,Per capita disposable personal income (dollars) 2/,2013,43427
West Virginia,Disposable personal income (millions of dollars),2013,58621
West Virginia,Population (persons) 1/,2013,1852333
West Virginia,Per capita disposable personal income (dollars) 2/,2013,31647
Wisconsin,Disposable personal income (millions of dollars),2013,219063.7
Wisconsin,Population (persons) 1/,2013,5736673
Wisconsin,Per capita disposable personal income (dollars) 2/,2013,38187
Wyoming,Disposable personal income (millions of dollars),2013,27496.9
Wyoming,Population (persons) 1/,2013,582341
Wyoming,Per capita disposable personal income (dollars) 2/,2013,47218
New England,Disposable personal income (millions of dollars),2013,698742.1
New England,Population (persons) 1/,2013,14643033
New England,Per capita disposable personal income (dollars) 2/,2013,47718
Mideast,Disposable personal income (millions of dollars),2013,2207828
Mideast,Population (persons) 1/,2013,48912581
Mideast,Per capita disposable personal income (dollars) 2/,2013,45138
Great Lakes,Disposable personal income (millions of dollars),2013,1753280.8
Great Lakes,Population (persons) 1/,2013,46661624
Great Lakes,Per capita disposable personal income (dollars) 2/,2013,37574
Plains,Disposable personal income (millions of dollars),2013,827200.9
Plains,Population (persons) 1/,2013,20872827
Plains,Per capita disposable personal income (dollars) 2/,2013,39631
Southeast,Disposable personal income (millions of dollars),2013,2840501.2
Southeast,Population (persons) 1/,2013,80585268
Southeast,Per capita disposable personal income (dollars) 2/,2013,35248
Southwest,Disposable personal income (millions of dollars),2013,1480643.4
Southwest,Population (persons) 1/,2013,39030404
Southwest,Per capita disposable personal income (dollars) 2/,2013,37936
Rocky Mountain,Disposable personal income (millions of dollars),2013,430825.3
Rocky Mountain,Population (persons) 1/,2013,11366966
Rocky Mountain,Per capita disposable personal income (dollars) 2/,2013,37902
Far West,Disposable personal income (millions of dollars),2013,2262253.3
Far West,Population (persons) 1/,2013,54161802
Far West,Per capita disposable personal income (dollars) 2/,2013,41768
United States,Disposable personal income (millions of dollars),2014,13199354
United States,Population (persons) 1/,2014,318622525
United States,Per capita disposable personal income (dollars) 2/,2014,41426
Alabama,Disposable personal income (millions of dollars),2014,163699.7
Alabama,Population (persons) 1/,2014,4840037
Alabama,Per capita disposable personal income (dollars) 2/,2014,33822
Alaska,Disposable personal income (millions of dollars),2014,37370.1
Alaska,Population (persons) 1/,2014,736759
Alaska,Per capita disposable personal income (dollars) 2/,2014,50722
Arizona,Disposable personal income (millions of dollars),2014,231976.7
Arizona,Population (persons) 1/,2014,6706435
Arizona,Per capita disposable personal income (dollars) 2/,2014,34590
Arkansas,Disposable personal income (millions of dollars),2014,101809
Arkansas,Population (persons) 1/,2014,2964800
Arkansas,Per capita disposable personal income (dollars) 2/,2014,34339
California,Disposable personal income (millions of dollars),2014,1745309.1
California,Population (persons) 1/,2014,38701278
California,Per capita disposable personal income (dollars) 2/,2014,45097
Colorado,Disposable personal income (millions of dollars),2014,237887.1
Colorado,Population (persons) 1/,2014,5342311
Colorado,Per capita disposable personal income (dollars) 2/,2014,44529
Connecticut,Disposable personal income (millions of dollars),2014,201841.9
Connecticut,Population (persons) 1/,2014,3600188
Connecticut,Per capita disposable personal income (dollars) 2/,2014,56064
Delaware,Disposable personal income (millions of dollars),2014,38012.9
Delaware,Population (persons) 1/,2014,934805
Delaware,Per capita disposable personal income (dollars) 2/,2014,40664
District of Columbia,Disposable personal income (millions of dollars),2014,40268.3
District of Columbia,Population (persons) 1/,2014,660797
District of Columbia,Per capita disposable personal income (dollars) 2/,2014,60939
Florida,Disposable personal income (millions of dollars),2014,767867.3
Florida,Population (persons) 1/,2014,19897747
Florida,Per capita disposable personal income (dollars) 2/,2014,38591
Georgia,Disposable personal income (millions of dollars),2014,355352.3
Georgia,Population (persons) 1/,2014,10083850
Georgia,Per capita disposable personal income (dollars) 2/,2014,35240
Hawaii,Disposable personal income (millions of dollars),2014,60132.3
Hawaii,Population (persons) 1/,2014,1417710
Hawaii,Per capita disposable personal income (dollars) 2/,2014,42415
Idaho,Disposable personal income (millions of dollars),2014,55777.1
Idaho,Population (persons) 1/,2014,1630391
Idaho,Per capita disposable personal income (dollars) 2/,2014,34211
Illinois,Disposable personal income (millions of dollars),2014,557315
Illinois,Population (persons) 1/,2014,12882438
Illinois,Per capita disposable personal income (dollars) 2/,2014,43262
Indiana,Disposable personal income (millions of dollars),2014,242602.1
Indiana,Population (persons) 1/,2014,6593182
Indiana,Per capita disposable personal income (dollars) 2/,2014,36796
Iowa,Disposable personal income (millions of dollars),2014,124793.8
Iowa,Population (persons) 1/,2014,3105563
Iowa,Per capita disposable personal income (dollars) 2/,2014,40184
Kansas,Disposable personal income (millions of dollars),2014,121470.5
Kansas,Population (persons) 1/,2014,2899553
Kansas,Per capita disposable personal income (dollars) 2/,2014,41893
Kentucky,Disposable personal income (millions of dollars),2014,148420.7
Kentucky,Population (persons) 1/,2014,4410415
Kentucky,Per capita disposable personal income (dollars) 2/,2014,33652
Louisiana,Disposable personal income (millions of dollars),2014,178949
Louisiana,Population (persons) 1/,2014,4648797
Louisiana,Per capita disposable personal income (dollars) 2/,2014,38494
Maine,Disposable personal income (millions of dollars),2014,50115.9
Maine,Population (persons) 1/,2014,1328903
Maine,Per capita disposable personal income (dollars) 2/,2014,37712
Maryland,Disposable personal income (millions of dollars),2014,281673.8
Maryland,Population (persons) 1/,2014,5970245
Maryland,Per capita disposable personal income (dollars) 2/,2014,47180
Massachusetts,Disposable personal income (millions of dollars),2014,342753.2
Massachusetts,Population (persons) 1/,2014,6757925
Massachusetts,Per capita disposable personal income (dollars) 2/,2014,50719
Michigan,Disposable personal income (millions of dollars),2014,362945.5
Michigan,Population (persons) 1/,2014,9914675
Michigan,Per capita disposable personal income (dollars) 2/,2014,36607
Minnesota,Disposable personal income (millions of dollars),2014,236138.1
Minnesota,Population (persons) 1/,2014,5452649
Minnesota,Per capita disposable personal income (dollars) 2/,2014,43307
Mississippi,Disposable personal income (millions of dollars),2014,95209.7
Mississippi,Population (persons) 1/,2014,2988578
Mississippi,Per capita disposable personal income (dollars) 2/,2014,31858
Missouri,Disposable personal income (millions of dollars),2014,224771.3
Missouri,Population (persons) 1/,2014,6058014
Missouri,Per capita disposable personal income (dollars) 2/,2014,37103
Montana,Disposable personal income (millions of dollars),2014,38062.4
Montana,Population (persons) 1/,2014,1019931
Montana,Per capita disposable personal income (dollars) 2/,2014,37319
Nebraska,Disposable personal income (millions of dollars),2014,82302
Nebraska,Population (persons) 1/,2014,1880920
Nebraska,Per capita disposable personal income (dollars) 2/,2014,43756
Nevada,Disposable personal income (millions of dollars),2014,105829.4
Nevada,Population (persons) 1/,2014,2831730
Nevada,Per capita disposable personal income (dollars) 2/,2014,37373
New Hampshire,Disposable personal income (millions of dollars),2014,63434.3
New Hampshire,Population (persons) 1/,2014,1328684
New Hampshire,Per capita disposable personal income (dollars) 2/,2014,47742
New Jersey,Disposable personal income (millions of dollars),2014,449946.4
New Jersey,Population (persons) 1/,2014,8943010
New Jersey,Per capita disposable personal income (dollars) 2/,2014,50313
New Mexico,Disposable personal income (millions of dollars),2014,70790
New Mexico,Population (persons) 1/,2014,2083207
New Mexico,Per capita disposable personal income (dollars) 2/,2014,33981
New York,Disposable personal income (millions of dollars),2014,941543.6
New York,Population (persons) 1/,2014,19773580
New York,Per capita disposable personal income (dollars) 2/,2014,47616
North Carolina,Disposable personal income (millions of dollars),2014,354845.4
North Carolina,Population (persons) 1/,2014,9941160
North Carolina,Per capita disposable personal income (dollars) 2/,2014,35695
North Dakota,Disposable personal income (millions of dollars),2014,36487.9
North Dakota,Population (persons) 1/,2014,738658
North Dakota,Per capita disposable personal income (dollars) 2/,2014,49398
Ohio,Disposable personal income (millions of dollars),2014,442431.7
Ohio,Population (persons) 1/,2014,11593741
Ohio,Per capita disposable personal income (dollars) 2/,2014,38161
Oklahoma,Disposable personal income (millions of dollars),2014,159855
Oklahoma,Population (persons) 1/,2014,3875008
Oklahoma,Per capita disposable personal income (dollars) 2/,2014,41253
Oregon,Disposable personal income (millions of dollars),2014,147108.7
Oregon,Population (persons) 1/,2014,3960673
Oregon,Per capita disposable personal income (dollars) 2/,2014,37142
Pennsylvania,Disposable personal income (millions of dollars),2014,546569.4
Pennsylvania,Population (persons) 1/,2014,12790341
Pennsylvania,Per capita disposable personal income (dollars) 2/,2014,42733
Rhode Island,Disposable personal income (millions of dollars),2014,45152.1
Rhode Island,Population (persons) 1/,2014,1054782
Rhode Island,Per capita disposable personal income (dollars) 2/,2014,42807
South Carolina,Disposable personal income (millions of dollars),2014,163909.1
South Carolina,Population (persons) 1/,2014,4824758
South Carolina,Per capita disposable personal income (dollars) 2/,2014,33973
South Dakota,Disposable personal income (millions of dollars),2014,36275.2
South Dakota,Population (persons) 1/,2014,849455
South Dakota,Per capita disposable personal income (dollars) 2/,2014,42704
Tennessee,Disposable personal income (millions of dollars),2014,246123.1
Tennessee,Population (persons) 1/,2014,6540007
Tennessee,Per capita disposable personal income (dollars) 2/,2014,37633
Texas,Disposable personal income (millions of dollars),2014,1123631.5
Texas,Population (persons) 1/,2014,26954436
Texas,Per capita disposable personal income (dollars) 2/,2014,41686
Utah,Disposable personal income (millions of dollars),2014,101143
Utah,Population (persons) 1/,2014,2938671
Utah,Per capita disposable personal income (dollars) 2/,2014,34418
Vermont,Disposable personal income (millions of dollars),2014,26768
Vermont,Population (persons) 1/,2014,625665
Vermont,Per capita disposable personal income (dollars) 2/,2014,42783
Virginia,Disposable personal income (millions of dollars),2014,368239.2
Virginia,Population (persons) 1/,2014,8316902
Virginia,Per capita disposable personal income (dollars) 2/,2014,44276
Washington,Disposable personal income (millions of dollars),2014,325864.4
Washington,Population (persons) 1/,2014,7046931
Washington,Per capita disposable personal income (dollars) 2/,2014,46242
West Virginia,Disposable personal income (millions of dollars),2014,60212.2
West Virginia,Population (persons) 1/,2014,1847624
West Virginia,Per capita disposable personal income (dollars) 2/,2014,32589
Wisconsin,Disposable personal income (millions of dollars),2014,228936
Wisconsin,Population (persons) 1/,2014,5751272
Wisconsin,Per capita disposable personal income (dollars) 2/,2014,39806
Wyoming,Disposable personal income (millions of dollars),2014,29431.7
Wyoming,Population (persons) 1/,2014,583334
Wyoming,Per capita disposable personal income (dollars) 2/,2014,50454
New England,Disposable personal income (millions of dollars),2014,730065.4
New England,Population (persons) 1/,2014,14696147
New England,Per capita disposable personal income (dollars) 2/,2014,49677
Mideast,Disposable personal income (millions of dollars),2014,2298014.4
Mideast,Population (persons) 1/,2014,49072778
Mideast,Per capita disposable personal income (dollars) 2/,2014,46829
Great Lakes,Disposable personal income (millions of dollars),2014,1834230.2
Great Lakes,Population (persons) 1/,2014,46735308
Great Lakes,Per capita disposable personal income (dollars) 2/,2014,39247
Plains,Disposable personal income (millions of dollars),2014,862238.7
Plains,Population (persons) 1/,2014,20984812
Plains,Per capita disposable personal income (dollars) 2/,2014,41089
Southeast,Disposable personal income (millions of dollars),2014,3004636.6
Southeast,Population (persons) 1/,2014,81304675
Southeast,Per capita disposable personal income (dollars) 2/,2014,36955
Southwest,Disposable personal income (millions of dollars),2014,1586253.2
Southwest,Population (persons) 1/,2014,39619086
Southwest,Per capita disposable personal income (dollars) 2/,2014,40038
Rocky Mountain,Disposable personal income (millions of dollars),2014,462301.2
Rocky Mountain,Population (persons) 1/,2014,11514638
Rocky Mountain,Per capita disposable personal income (dollars) 2/,2014,40149
Far West,Disposable personal income (millions of dollars),2014,2421614.1
Far West,Population (persons) 1/,2014,54695081
Far West,Per capita disposable personal income (dollars) 2/,2014,44275
United States,Disposable personal income (millions of dollars),2015,13778133
United States,Population (persons) 1/,2015,321039839
United States,Per capita disposable personal income (dollars) 2/,2015,42917
Alabama,Disposable personal income (millions of dollars),2015,169383.4
Alabama,Population (persons) 1/,2015,4850858
Alabama,Per capita disposable personal income (dollars) 2/,2015,34918
Alaska,Disposable personal income (millions of dollars),2015,38459.8
Alaska,Population (persons) 1/,2015,737979
Alaska,Per capita disposable personal income (dollars) 2/,2015,52115
Arizona,Disposable personal income (millions of dollars),2015,242950.3
Arizona,Population (persons) 1/,2015,6802262
Arizona,Per capita disposable personal income (dollars) 2/,2015,35716
Arkansas,Disposable personal income (millions of dollars),2015,104866
Arkansas,Population (persons) 1/,2015,2975626
Arkansas,Per capita disposable personal income (dollars) 2/,2015,35242
California,Disposable personal income (millions of dollars),2015,1863814.5
California,Population (persons) 1/,2015,39032444
California,Per capita disposable personal income (dollars) 2/,2015,47750
Colorado,Disposable personal income (millions of dollars),2015,248164.8
Colorado,Population (persons) 1/,2015,5440445
Colorado,Per capita disposable personal income (dollars) 2/,2015,45615
Connecticut,Disposable personal income (millions of dollars),2015,206608.7
Connecticut,Population (persons) 1/,2015,3593862
Connecticut,Per capita disposable personal income (dollars) 2/,2015,57489
Delaware,Disposable personal income (millions of dollars),2015,39862.6
Delaware,Population (persons) 1/,2015,944107
Delaware,Per capita disposable personal income (dollars) 2/,2015,42223
District of Columbia,Disposable personal income (millions of dollars),2015,43108.3
District of Columbia,Population (persons) 1/,2015,672736
District of Columbia,Per capita disposable personal income (dollars) 2/,2015,64079
Florida,Disposable personal income (millions of dollars),2015,816837.8
Florida,Population (persons) 1/,2015,20268567
Florida,Per capita disposable personal income (dollars) 2/,2015,40301
Georgia,Disposable personal income (millions of dollars),2015,375184.4
Georgia,Population (persons) 1/,2015,10199533
Georgia,Per capita disposable personal income (dollars) 2/,2015,36784
Hawaii,Disposable personal income (millions of dollars),2015,62760.5
Hawaii,Population (persons) 1/,2015,1426320
Hawaii,Per capita disposable personal income (dollars) 2/,2015,44002
Idaho,Disposable personal income (millions of dollars),2015,59132.3
Idaho,Population (persons) 1/,2015,1649324
Idaho,Per capita disposable personal income (dollars) 2/,2015,35852
Illinois,Disposable personal income (millions of dollars),2015,578082.7
Illinois,Population (persons) 1/,2015,12862051
Illinois,Per capita disposable personal income (dollars) 2/,2015,44945
Indiana,Disposable personal income (millions of dollars),2015,250433.6
Indiana,Population (persons) 1/,2015,6610596
Indiana,Per capita disposable personal income (dollars) 2/,2015,37884
Iowa,Disposable personal income (millions of dollars),2015,128861.8
Iowa,Population (persons) 1/,2015,3118473
Iowa,Per capita disposable personal income (dollars) 2/,2015,41322
Kansas,Disposable personal income (millions of dollars),2015,123021.3
Kansas,Population (persons) 1/,2015,2905789
Kansas,Per capita disposable personal income (dollars) 2/,2015,42337
Kentucky,Disposable personal income (millions of dollars),2015,153923.9
Kentucky,Population (persons) 1/,2015,4422057
Kentucky,Per capita disposable personal income (dollars) 2/,2015,34808
Louisiana,Disposable personal income (millions of dollars),2015,181770.3
Louisiana,Population (persons) 1/,2015,4671211
Louisiana,Per capita disposable personal income (dollars) 2/,2015,38913
Maine,Disposable personal income (millions of dollars),2015,51936.9
Maine,Population (persons) 1/,2015,1327787
Maine,Per capita disposable personal income (dollars) 2/,2015,39115
Maryland,Disposable personal income (millions of dollars),2015,295089.5
Maryland,Population (persons) 1/,2015,6000561
Maryland,Per capita disposable personal income (dollars) 2/,2015,49177
Massachusetts,Disposable personal income (millions of dollars),2015,363972.4
Massachusetts,Population (persons) 1/,2015,6794002
Massachusetts,Per capita disposable personal income (dollars) 2/,2015,53573
Michigan,Disposable personal income (millions of dollars),2015,382323.5
Michigan,Population (persons) 1/,2015,9918170
Michigan,Per capita disposable personal income (dollars) 2/,2015,38548
Minnesota,Disposable personal income (millions of dollars),2015,245227.4
Minnesota,Population (persons) 1/,2015,5483238
Minnesota,Per capita disposable personal income (dollars) 2/,2015,44723
Mississippi,Disposable personal income (millions of dollars),2015,96160.7
Mississippi,Population (persons) 1/,2015,2985297
Mississippi,Per capita disposable personal income (dollars) 2/,2015,32211
Missouri,Disposable personal income (millions of dollars),2015,230996.5
Missouri,Population (persons) 1/,2015,6072640
Missouri,Per capita disposable personal income (dollars) 2/,2015,38039
Montana,Disposable personal income (millions of dollars),2015,39950.6
Montana,Population (persons) 1/,2015,1028317
Montana,Per capita disposable personal income (dollars) 2/,2015,38850
Nebraska,Disposable personal income (millions of dollars),2015,85634.6
Nebraska,Population (persons) 1/,2015,1893564
Nebraska,Per capita disposable personal income (dollars) 2/,2015,45224
Nevada,Disposable personal income (millions of dollars),2015,113941.9
Nevada,Population (persons) 1/,2015,2883057
Nevada,Per capita disposable personal income (dollars) 2/,2015,39521
New Hampshire,Disposable personal income (millions of dollars),2015,65694.6
New Hampshire,Population (persons) 1/,2015,1330134
New Hampshire,Per capita disposable personal income (dollars) 2/,2015,49389
New Jersey,Disposable personal income (millions of dollars),2015,466972.3
New Jersey,Population (persons) 1/,2015,8960001
New Jersey,Per capita disposable personal income (dollars) 2/,2015,52117
New Mexico,Disposable personal income (millions of dollars),2015,72745.3
New Mexico,Population (persons) 1/,2015,2082264
New Mexico,Per capita disposable personal income (dollars) 2/,2015,34936
New York,Disposable personal income (millions of dollars),2015,974500.6
New York,Population (persons) 1/,2015,19819347
New York,Per capita disposable personal income (dollars) 2/,2015,49169
North Carolina,Disposable personal income (millions of dollars),2015,372206
North Carolina,Population (persons) 1/,2015,10041769
North Carolina,Per capita disposable personal income (dollars) 2/,2015,37066
North Dakota,Disposable personal income (millions of dollars),2015,36033.4
North Dakota,Population (persons) 1/,2015,754859
North Dakota,Per capita disposable personal income (dollars) 2/,2015,47735
Ohio,Disposable personal income (millions of dollars),2015,458624.3
Ohio,Population (persons) 1/,2015,11606027
Ohio,Per capita disposable personal income (dollars) 2/,2015,39516
Oklahoma,Disposable personal income (millions of dollars),2015,156030
Oklahoma,Population (persons) 1/,2015,3904353
Oklahoma,Per capita disposable personal income (dollars) 2/,2015,39963
Oregon,Disposable personal income (millions of dollars),2015,157446.4
Oregon,Population (persons) 1/,2015,4016537
Oregon,Per capita disposable personal income (dollars) 2/,2015,39200
Pennsylvania,Disposable personal income (millions of dollars),2015,565672.8
Pennsylvania,Population (persons) 1/,2015,12791124
Pennsylvania,Per capita disposable personal income (dollars) 2/,2015,44224
Rhode Island,Disposable personal income (millions of dollars),2015,46959.1
Rhode Island,Population (persons) 1/,2015,1055916
Rhode Island,Per capita disposable personal income (dollars) 2/,2015,44472
South Carolina,Disposable personal income (millions of dollars),2015,173514.5
South Carolina,Population (persons) 1/,2015,4892423
South Carolina,Per capita disposable personal income (dollars) 2/,2015,35466
South Dakota,Disposable personal income (millions of dollars),2015,37806.8
South Dakota,Population (persons) 1/,2015,854036
South Dakota,Per capita disposable personal income (dollars) 2/,2015,44268
Tennessee,Disposable personal income (millions of dollars),2015,258027.4
Tennessee,Population (persons) 1/,2015,6590726
Tennessee,Per capita disposable personal income (dollars) 2/,2015,39150
Texas,Disposable personal income (millions of dollars),2015,1151711.1
Texas,Population (persons) 1/,2015,27454880
Texas,Per capita disposable personal income (dollars) 2/,2015,41949
Utah,Disposable personal income (millions of dollars),2015,108392.7
Utah,Population (persons) 1/,2015,2984917
Utah,Per capita disposable personal income (dollars) 2/,2015,36313
Vermont,Disposable personal income (millions of dollars),2015,27659.8
Vermont,Population (persons) 1/,2015,624455
Vermont,Per capita disposable personal income (dollars) 2/,2015,44294
Virginia,Disposable personal income (millions of dollars),2015,384577.3
Virginia,Population (persons) 1/,2015,8366767
Virginia,Per capita disposable personal income (dollars) 2/,2015,45965
Washington,Disposable personal income (millions of dollars),2015,343070.9
Washington,Population (persons) 1/,2015,7152818
Washington,Per capita disposable personal income (dollars) 2/,2015,47963
West Virginia,Disposable personal income (millions of dollars),2015,61090.2
West Virginia,Population (persons) 1/,2015,1839767
West Virginia,Per capita disposable personal income (dollars) 2/,2015,33205
Wisconsin,Disposable personal income (millions of dollars),2015,236934.9
Wisconsin,Population (persons) 1/,2015,5759744
Wisconsin,Per capita disposable personal income (dollars) 2/,2015,41136
Wyoming,Disposable personal income (millions of dollars),2015,30001.6
Wyoming,Population (persons) 1/,2015,586102
Wyoming,Per capita disposable personal income (dollars) 2/,2015,51188
New England,Disposable personal income (millions of dollars),2015,762831.5
New England,Population (persons) 1/,2015,14726156
New England,Per capita disposable personal income (dollars) 2/,2015,51801
Mideast,Disposable personal income (millions of dollars),2015,2385206.1
Mideast,Population (persons) 1/,2015,49187876
Mideast,Per capita disposable personal income (dollars) 2/,2015,48492
Great Lakes,Disposable personal income (millions of dollars),2015,1906399
Great Lakes,Population (persons) 1/,2015,46756588
Great Lakes,Per capita disposable personal income (dollars) 2/,2015,40773
Plains,Disposable personal income (millions of dollars),2015,887581.8
Plains,Population (persons) 1/,2015,21082599
Plains,Per capita disposable personal income (dollars) 2/,2015,42100
Southeast,Disposable personal income (millions of dollars),2015,3147541.9
Southeast,Population (persons) 1/,2015,82104601
Southeast,Per capita disposable personal income (dollars) 2/,2015,38336
Southwest,Disposable personal income (millions of dollars),2015,1623436.7
Southwest,Population (persons) 1/,2015,40243759
Southwest,Per capita disposable personal income (dollars) 2/,2015,40340
Rocky Mountain,Disposable personal income (millions of dollars),2015,485642
Rocky Mountain,Population (persons) 1/,2015,11689105
Rocky Mountain,Per capita disposable personal income (dollars) 2/,2015,41547
Far West,Disposable personal income (millions of dollars),2015,2579494
Far West,Population (persons) 1/,2015,55249155
Far West,Per capita disposable personal income (dollars) 2/,2015,46688
United States,Disposable personal income (millions of dollars),2016,14163254
United States,Population (persons) 1/,2016,323405935
United States,Per capita disposable personal income (dollars) 2/,2016,43794
Alabama,Disposable personal income (millions of dollars),2016,172333.5
Alabama,Population (persons) 1/,2016,4860545
Alabama,Per capita disposable personal income (dollars) 2/,2016,35456
Alaska,Disposable personal income (millions of dollars),2016,37891.2
Alaska,Population (persons) 1/,2016,741522
Alaska,Per capita disposable personal income (dollars) 2/,2016,51099
Arizona,Disposable personal income (millions of dollars),2016,252008.8
Arizona,Population (persons) 1/,2016,6908642
Arizona,Per capita disposable personal income (dollars) 2/,2016,36477
Arkansas,Disposable personal income (millions of dollars),2016,106926.8
Arkansas,Population (persons) 1/,2016,2988231
Arkansas,Per capita disposable personal income (dollars) 2/,2016,35783
California,Disposable personal income (millions of dollars),2016,1940785.6
California,Population (persons) 1/,2016,39296476
California,Per capita disposable personal income (dollars) 2/,2016,49388
Colorado,Disposable personal income (millions of dollars),2016,252157.5
Colorado,Population (persons) 1/,2016,5530105
Colorado,Per capita disposable personal income (dollars) 2/,2016,45597
Connecticut,Disposable personal income (millions of dollars),2016,211460.6
Connecticut,Population (persons) 1/,2016,3587685
Connecticut,Per capita disposable personal income (dollars) 2/,2016,58941
Delaware,Disposable personal income (millions of dollars),2016,40642.3
Delaware,Population (persons) 1/,2016,952698
Delaware,Per capita disposable personal income (dollars) 2/,2016,42660
District of Columbia,Disposable personal income (millions of dollars),2016,45047.4
District of Columbia,Population (persons) 1/,2016,684336
District of Columbia,Per capita disposable personal income (dollars) 2/,2016,65826
Florida,Disposable personal income (millions of dollars),2016,856402.1
Florida,Population (persons) 1/,2016,20656589
Florida,Per capita disposable personal income (dollars) 2/,2016,41459
Georgia,Disposable personal income (millions of dollars),2016,390822.9
Georgia,Population (persons) 1/,2016,10313620
Georgia,Per capita disposable personal income (dollars) 2/,2016,37894
Hawaii,Disposable personal income (millions of dollars),2016,64754.8
Hawaii,Population (persons) 1/,2016,1428683
Hawaii,Per capita disposable personal income (dollars) 2/,2016,45325
Idaho,Disposable personal income (millions of dollars),2016,61101.5
Idaho,Population (persons) 1/,2016,1680026
Idaho,Per capita disposable personal income (dollars) 2/,2016,36369
Illinois,Disposable personal income (millions of dollars),2016,589536.4
Illinois,Population (persons) 1/,2016,12835726
Illinois,Per capita disposable personal income (dollars) 2/,2016,45929
Indiana,Disposable personal income (millions of dollars),2016,258798.9
Indiana,Population (persons) 1/,2016,6634007
Indiana,Per capita disposable personal income (dollars) 2/,2016,39011
Iowa,Disposable personal income (millions of dollars),2016,129618.7
Iowa,Population (persons) 1/,2016,3130869
Iowa,Per capita disposable personal income (dollars) 2/,2016,41400
Kansas,Disposable personal income (millions of dollars),2016,123943.2
Kansas,Population (persons) 1/,2016,2907731
Kansas,Per capita disposable personal income (dollars) 2/,2016,42625
Kentucky,Disposable personal income (millions of dollars),2016,156047.6
Kentucky,Population (persons) 1/,2016,4436113
Kentucky,Per capita disposable personal income (dollars) 2/,2016,35177
Louisiana,Disposable personal income (millions of dollars),2016,180961.3
Louisiana,Population (persons) 1/,2016,4686157
Louisiana,Per capita disposable personal income (dollars) 2/,2016,38616
Maine,Disposable personal income (millions of dollars),2016,53174.9
Maine,Population (persons) 1/,2016,1330232
Maine,Per capita disposable personal income (dollars) 2/,2016,39974
Maryland,Disposable personal income (millions of dollars),2016,306303.9
Maryland,Population (persons) 1/,2016,6024752
Maryland,Per capita disposable personal income (dollars) 2/,2016,50841
Massachusetts,Disposable personal income (millions of dollars),2016,376508.2
Massachusetts,Population (persons) 1/,2016,6823721
Massachusetts,Per capita disposable personal income (dollars) 2/,2016,55176
Michigan,Disposable personal income (millions of dollars),2016,392651.8
Michigan,Population (persons) 1/,2016,9933445
Michigan,Per capita disposable personal income (dollars) 2/,2016,39528
Minnesota,Disposable personal income (millions of dollars),2016,250978.2
Minnesota,Population (persons) 1/,2016,5525050
Minnesota,Per capita disposable personal income (dollars) 2/,2016,45426
Mississippi,Disposable personal income (millions of dollars),2016,97949.6
Mississippi,Population (persons) 1/,2016,2985415
Mississippi,Per capita disposable personal income (dollars) 2/,2016,32809
Missouri,Disposable personal income (millions of dollars),2016,235626.4
Missouri,Population (persons) 1/,2016,6091176
Missouri,Per capita disposable personal income (dollars) 2/,2016,38683
Montana,Disposable personal income (millions of dollars),2016,40827.6
Montana,Population (persons) 1/,2016,1038656
Montana,Per capita disposable personal income (dollars) 2/,2016,39308
Nebraska,Disposable personal income (millions of dollars),2016,84870.5
Nebraska,Population (persons) 1/,2016,1907603
Nebraska,Per capita disposable personal income (dollars) 2/,2016,44491
Nevada,Disposable personal income (millions of dollars),2016,116172.1
Nevada,Population (persons) 1/,2016,2939254
Nevada,Per capita disposable personal income (dollars) 2/,2016,39524
New Hampshire,Disposable personal income (millions of dollars),2016,68007.7
New Hampshire,Population (persons) 1/,2016,1335015
New Hampshire,Per capita disposable personal income (dollars) 2/,2016,50942
New Jersey,Disposable personal income (millions of dollars),2016,479030.7
New Jersey,Population (persons) 1/,2016,8978416
New Jersey,Per capita disposable personal income (dollars) 2/,2016,53354
New Mexico,Disposable personal income (millions of dollars),2016,73930.3
New Mexico,Population (persons) 1/,2016,2085432
New Mexico,Per capita disposable personal income (dollars) 2/,2016,35451
New York,Disposable personal income (millions of dollars),2016,1014398.8
New York,Population (persons) 1/,2016,19836286
New York,Per capita disposable personal income (dollars) 2/,2016,51139
North Carolina,Disposable personal income (millions of dollars),2016,383882.2
North Carolina,Population (persons) 1/,2016,10156689
North Carolina,Per capita disposable personal income (dollars) 2/,2016,37796
North Dakota,Disposable personal income (millions of dollars),2016,35840.9
North Dakota,Population (persons) 1/,2016,755548
North Dakota,Per capita disposable personal income (dollars) 2/,2016,47437
Ohio,Disposable personal income (millions of dollars),2016,466921.1
Ohio,Population (persons) 1/,2016,11622554
Ohio,Per capita disposable personal income (dollars) 2/,2016,40174
Oklahoma,Disposable personal income (millions of dollars),2016,149502.4
Oklahoma,Population (persons) 1/,2016,3921207
Oklahoma,Per capita disposable personal income (dollars) 2/,2016,38127
Oregon,Disposable personal income (millions of dollars),2016,164457.7
Oregon,Population (persons) 1/,2016,4085989
Oregon,Per capita disposable personal income (dollars) 2/,2016,40249
Pennsylvania,Disposable personal income (millions of dollars),2016,579420.6
Pennsylvania,Population (persons) 1/,2016,12787085
Pennsylvania,Per capita disposable personal income (dollars) 2/,2016,45313
Rhode Island,Disposable personal income (millions of dollars),2016,47504.2
Rhode Island,Population (persons) 1/,2016,1057566
Rhode Island,Per capita disposable personal income (dollars) 2/,2016,44918
South Carolina,Disposable personal income (millions of dollars),2016,179231.6
South Carolina,Population (persons) 1/,2016,4959822
South Carolina,Per capita disposable personal income (dollars) 2/,2016,36137
South Dakota,Disposable personal income (millions of dollars),2016,37991.6
South Dakota,Population (persons) 1/,2016,861542
South Dakota,Per capita disposable personal income (dollars) 2/,2016,44097
Tennessee,Disposable personal income (millions of dollars),2016,266410.1
Tennessee,Population (persons) 1/,2016,6649404
Tennessee,Per capita disposable personal income (dollars) 2/,2016,40065
Texas,Disposable personal income (millions of dollars),2016,1166602.9
Texas,Population (persons) 1/,2016,27904862
Texas,Per capita disposable personal income (dollars) 2/,2016,41806
Utah,Disposable personal income (millions of dollars),2016,113782.9
Utah,Population (persons) 1/,2016,3044321
Utah,Per capita disposable personal income (dollars) 2/,2016,37375
Vermont,Disposable personal income (millions of dollars),2016,28261.8
Vermont,Population (persons) 1/,2016,623354
Vermont,Per capita disposable personal income (dollars) 2/,2016,45338
Virginia,Disposable personal income (millions of dollars),2016,391054.5
Virginia,Population (persons) 1/,2016,8414380
Virginia,Per capita disposable personal income (dollars) 2/,2016,46475
Washington,Disposable personal income (millions of dollars),2016,358909.5
Washington,Population (persons) 1/,2016,7280934
Washington,Per capita disposable personal income (dollars) 2/,2016,49294
West Virginia,Disposable personal income (millions of dollars),2016,61193.5
West Virginia,Population (persons) 1/,2016,1828637
West Virginia,Per capita disposable personal income (dollars) 2/,2016,33464
Wisconsin,Disposable personal income (millions of dollars),2016,241279.2
Wisconsin,Population (persons) 1/,2016,5772917
Wisconsin,Per capita disposable personal income (dollars) 2/,2016,41795
Wyoming,Disposable personal income (millions of dollars),2016,29335.6
Wyoming,Population (persons) 1/,2016,584910
Wyoming,Per capita disposable personal income (dollars) 2/,2016,50154
New England,Disposable personal income (millions of dollars),2016,784917.4
New England,Population (persons) 1/,2016,14757573
New England,Per capita disposable personal income (dollars) 2/,2016,53187
Mideast,Disposable personal income (millions of dollars),2016,2464843.6
Mideast,Population (persons) 1/,2016,49263573
Mideast,Per capita disposable personal income (dollars) 2/,2016,50034
Great Lakes,Disposable personal income (millions of dollars),2016,1949187.4
Great Lakes,Population (persons) 1/,2016,46798649
Great Lakes,Per capita disposable personal income (dollars) 2/,2016,41651
Plains,Disposable personal income (millions of dollars),2016,898869.5
Plains,Population (persons) 1/,2016,21179519
Plains,Per capita disposable personal income (dollars) 2/,2016,42441
Southeast,Disposable personal income (millions of dollars),2016,3243215.7
Southeast,Population (persons) 1/,2016,82935602
Southeast,Per capita disposable personal income (dollars) 2/,2016,39105
Southwest,Disposable personal income (millions of dollars),2016,1642044.4
Southwest,Population (persons) 1/,2016,40820143
Southwest,Per capita disposable personal income (dollars) 2/,2016,40226
Rocky Mountain,Disposable personal income (millions of dollars),2016,497205.2
Rocky Mountain,Population (persons) 1/,2016,11878018
Rocky Mountain,Per capita disposable personal income (dollars) 2/,2016,41859
Far West,Disposable personal income (millions of dollars),2016,2682970.9
Far West,Population (persons) 1/,2016,55772858
Far West,Per capita disposable personal income (dollars) 2/,2016,48105
United States,Disposable personal income (millions of dollars),2017,14787578
United States,Population (persons) 1/,2017,325719178
United States,Per capita disposable personal income (dollars) 2/,2017,45400
Alabama,Disposable personal income (millions of dollars),2017,179555.2
Alabama,Population (persons) 1/,2017,4874747
Alabama,Per capita disposable personal income (dollars) 2/,2017,36834
Alaska,Disposable personal income (millions of dollars),2017,38752.7
Alaska,Population (persons) 1/,2017,739795
Alaska,Per capita disposable personal income (dollars) 2/,2017,52383
Arizona,Disposable personal income (millions of dollars),2017,266474
Arizona,Population (persons) 1/,2017,7016270
Arizona,Per capita disposable personal income (dollars) 2/,2017,37979
Arkansas,Disposable personal income (millions of dollars),2017,111109.9
Arkansas,Population (persons) 1/,2017,3004279
Arkansas,Per capita disposable personal income (dollars) 2/,2017,36984
California,Disposable personal income (millions of dollars),2017,2028335.8
California,Population (persons) 1/,2017,39536653
California,Per capita disposable personal income (dollars) 2/,2017,51303
Colorado,Disposable personal income (millions of dollars),2017,266887.5
Colorado,Population (persons) 1/,2017,5607154
Colorado,Per capita disposable personal income (dollars) 2/,2017,47598
Connecticut,Disposable personal income (millions of dollars),2017,218962.6
Connecticut,Population (persons) 1/,2017,3588184
Connecticut,Per capita disposable personal income (dollars) 2/,2017,61023
Delaware,Disposable personal income (millions of dollars),2017,42276.3
Delaware,Population (persons) 1/,2017,961939
Delaware,Per capita disposable personal income (dollars) 2/,2017,43949
District of Columbia,Disposable personal income (millions of dollars),2017,47202.5
District of Columbia,Population (persons) 1/,2017,693972
District of Columbia,Per capita disposable personal income (dollars) 2/,2017,68018
Florida,Disposable personal income (millions of dollars),2017,899255.8
Florida,Population (persons) 1/,2017,20984400
Florida,Per capita disposable personal income (dollars) 2/,2017,42854
Georgia,Disposable personal income (millions of dollars),2017,409428.1
Georgia,Population (persons) 1/,2017,10429379
Georgia,Per capita disposable personal income (dollars) 2/,2017,39257
Hawaii,Disposable personal income (millions of dollars),2017,67244.2
Hawaii,Population (persons) 1/,2017,1427538
Hawaii,Per capita disposable personal income (dollars) 2/,2017,47105
Idaho,Disposable personal income (millions of dollars),2017,64411.8
Idaho,Population (persons) 1/,2017,1716943
Idaho,Per capita disposable personal income (dollars) 2/,2017,37515
Illinois,Disposable personal income (millions of dollars),2017,607751.4
Illinois,Population (persons) 1/,2017,12802023
Illinois,Per capita disposable personal income (dollars) 2/,2017,47473
Indiana,Disposable personal income (millions of dollars),2017,269315
Indiana,Population (persons) 1/,2017,6666818
Indiana,Per capita disposable personal income (dollars) 2/,2017,40396
Iowa,Disposable personal income (millions of dollars),2017,132094.5
Iowa,Population (persons) 1/,2017,3145711
Iowa,Per capita disposable personal income (dollars) 2/,2017,41992
Kansas,Disposable personal income (millions of dollars),2017,126950.1
Kansas,Population (persons) 1/,2017,2913123
Kansas,Per capita disposable personal income (dollars) 2/,2017,43579
Kentucky,Disposable personal income (millions of dollars),2017,161314.7
Kentucky,Population (persons) 1/,2017,4454189
Kentucky,Per capita disposable personal income (dollars) 2/,2017,36216
Louisiana,Disposable personal income (millions of dollars),2017,185592.3
Louisiana,Population (persons) 1/,2017,4684333
Louisiana,Per capita disposable personal income (dollars) 2/,2017,39620
Maine,Disposable personal income (millions of dollars),2017,55460.3
Maine,Population (persons) 1/,2017,1335907
Maine,Per capita disposable personal income (dollars) 2/,2017,41515
Maryland,Disposable personal income (millions of dollars),2017,318952.8
Maryland,Population (persons) 1/,2017,6052177
Maryland,Per capita disposable personal income (dollars) 2/,2017,52701
Massachusetts,Disposable personal income (millions of dollars),2017,392736.8
Massachusetts,Population (persons) 1/,2017,6859819
Massachusetts,Per capita disposable personal income (dollars) 2/,2017,57252
Michigan,Disposable personal income (millions of dollars),2017,406342
Michigan,Population (persons) 1/,2017,9962311
Michigan,Per capita disposable personal income (dollars) 2/,2017,40788
Minnesota,Disposable personal income (millions of dollars),2017,261120.3
Minnesota,Population (persons) 1/,2017,5576606
Minnesota,Per capita disposable personal income (dollars) 2/,2017,46824
Mississippi,Disposable personal income (millions of dollars),2017,100164.5
Mississippi,Population (persons) 1/,2017,2984100
Mississippi,Per capita disposable personal income (dollars) 2/,2017,33566
Missouri,Disposable personal income (millions of dollars),2017,244118.4
Missouri,Population (persons) 1/,2017,6113532
Missouri,Per capita disposable personal income (dollars) 2/,2017,39931
Montana,Disposable personal income (millions of dollars),2017,42595.3
Montana,Population (persons) 1/,2017,1050493
Montana,Per capita disposable personal income (dollars) 2/,2017,40548
Nebraska,Disposable personal income (millions of dollars),2017,87424.5
Nebraska,Population (persons) 1/,2017,1920076
Nebraska,Per capita disposable personal income (dollars) 2/,2017,45532
Nevada,Disposable personal income (millions of dollars),2017,123111
Nevada,Population (persons) 1/,2017,2998039
Nevada,Per capita disposable personal income (dollars) 2/,2017,41064
New Hampshire,Disposable personal income (millions of dollars),2017,71603.7
New Hampshire,Population (persons) 1/,2017,1342795
New Hampshire,Per capita disposable personal income (dollars) 2/,2017,53324
New Jersey,Disposable personal income (millions of dollars),2017,501867
New Jersey,Population (persons) 1/,2017,9005644
New Jersey,Per capita disposable personal income (dollars) 2/,2017,55728
New Mexico,Disposable personal income (millions of dollars),2017,75754.6
New Mexico,Population (persons) 1/,2017,2088070
New Mexico,Per capita disposable personal income (dollars) 2/,2017,36280
New York,Disposable personal income (millions of dollars),2017,1079714.9
New York,Population (persons) 1/,2017,19849399
New York,Per capita disposable personal income (dollars) 2/,2017,54395
North Carolina,Disposable personal income (millions of dollars),2017,402420.2
North Carolina,Population (persons) 1/,2017,10273419
North Carolina,Per capita disposable personal income (dollars) 2/,2017,39171
North Dakota,Disposable personal income (millions of dollars),2017,35497.4
North Dakota,Population (persons) 1/,2017,755393
North Dakota,Per capita disposable personal income (dollars) 2/,2017,46992
Ohio,Disposable personal income (millions of dollars),2017,484543
Ohio,Population (persons) 1/,2017,11658609
Ohio,Per capita disposable personal income (dollars) 2/,2017,41561
Oklahoma,Disposable personal income (millions of dollars),2017,158345
Oklahoma,Population (persons) 1/,2017,3930864
Oklahoma,Per capita disposable personal income (dollars) 2/,2017,40282
Oregon,Disposable personal income (millions of dollars),2017,172857.2
Oregon,Population (persons) 1/,2017,4142776
Oregon,Per capita disposable personal income (dollars) 2/,2017,41725
Pennsylvania,Disposable personal income (millions of dollars),2017,602039.1
Pennsylvania,Population (persons) 1/,2017,12805537
Pennsylvania,Per capita disposable personal income (dollars) 2/,2017,47014
Rhode Island,Disposable personal income (millions of dollars),2017,49519.3
Rhode Island,Population (persons) 1/,2017,1059639
Rhode Island,Per capita disposable personal income (dollars) 2/,2017,46732
South Carolina,Disposable personal income (millions of dollars),2017,187498
South Carolina,Population (persons) 1/,2017,5024369
South Carolina,Per capita disposable personal income (dollars) 2/,2017,37318
South Dakota,Disposable personal income (millions of dollars),2017,38538.9
South Dakota,Population (persons) 1/,2017,869666
South Dakota,Per capita disposable personal income (dollars) 2/,2017,44315
Tennessee,Disposable personal income (millions of dollars),2017,278959.5
Tennessee,Population (persons) 1/,2017,6715984
Tennessee,Per capita disposable personal income (dollars) 2/,2017,41537
Texas,Disposable personal income (millions of dollars),2017,1214454.4
Texas,Population (persons) 1/,2017,28304596
Texas,Per capita disposable personal income (dollars) 2/,2017,42907
Utah,Disposable personal income (millions of dollars),2017,119374.7
Utah,Population (persons) 1/,2017,3101833
Utah,Per capita disposable personal income (dollars) 2/,2017,38485
Vermont,Disposable personal income (millions of dollars),2017,29175.4
Vermont,Population (persons) 1/,2017,623657
Vermont,Per capita disposable personal income (dollars) 2/,2017,46781
Virginia,Disposable personal income (millions of dollars),2017,406736.4
Virginia,Population (persons) 1/,2017,8470020
Virginia,Per capita disposable personal income (dollars) 2/,2017,48021
Washington,Disposable personal income (millions of dollars),2017,380345.8
Washington,Population (persons) 1/,2017,7405743
Washington,Per capita disposable personal income (dollars) 2/,2017,51358
West Virginia,Disposable personal income (millions of dollars),2017,63285.2
West Virginia,Population (persons) 1/,2017,1815857
West Virginia,Per capita disposable personal income (dollars) 2/,2017,34851
Wisconsin,Disposable personal income (millions of dollars),2017,250036
Wisconsin,Population (persons) 1/,2017,5795483
Wisconsin,Per capita disposable personal income (dollars) 2/,2017,43143
Wyoming,Disposable personal income (millions of dollars),2017,30072.2
Wyoming,Population (persons) 1/,2017,579315
Wyoming,Per capita disposable personal income (dollars) 2/,2017,51910
New England,Disposable personal income (millions of dollars),2017,817458.1
New England,Population (persons) 1/,2017,14810001
New England,Per capita disposable personal income (dollars) 2/,2017,55196
Mideast,Disposable personal income (millions of dollars),2017,2592052.6
Mideast,Population (persons) 1/,2017,49368668
Mideast,Per capita disposable personal income (dollars) 2/,2017,52504
Great Lakes,Disposable personal income (millions of dollars),2017,2017987.4
Great Lakes,Population (persons) 1/,2017,46885244
Great Lakes,Per capita disposable personal income (dollars) 2/,2017,43041
Plains,Disposable personal income (millions of dollars),2017,925744
Plains,Population (persons) 1/,2017,21294107
Plains,Per capita disposable personal income (dollars) 2/,2017,43474
Southeast,Disposable personal income (millions of dollars),2017,3385319.7
Southeast,Population (persons) 1/,2017,83715076
Southeast,Per capita disposable personal income (dollars) 2/,2017,40439
Southwest,Disposable personal income (millions of dollars),2017,1715028
Southwest,Population (persons) 1/,2017,41339800
Southwest,Per capita disposable personal income (dollars) 2/,2017,41486
Rocky Mountain,Disposable personal income (millions of dollars),2017,523341.4
Rocky Mountain,Population (persons) 1/,2017,12055738
Rocky Mountain,Per capita disposable personal income (dollars) 2/,2017,43410
Far West,Disposable personal income (millions of dollars),2017,2810646.7
Far West,Population (persons) 1/,2017,56250544
Far West,Per capita disposable personal income (dollars) 2/,2017,49967